feature,coef,influence_pct
feat_cuerpo_len,1.736530031160706,51.15365610017489
feat_num_words_body,0.8028775966197693,23.65068483184891
feat_num_exclam,0.6403988942946853,18.864485046530678
feat_upper_ratio,0.1080912161079232,3.18408596282012
feat_solicita_info_personal,0.026708809013612042,0.7867720146563495
feat_todo_mayusculas,0.026708809013612042,0.7867720146563495
feat_errores_gramaticales,0.026708809013612042,0.7867720146563495
feat_tiene_links,0.026708809013612042,0.7867720146563495
